{
    "accuracies": [
        0.3965,
        0.4538,
        0.5011,
        0.5066,
        0.5337,
        0.5493,
        0.549,
        0.5391,
        0.5596,
        0.5861,
        0.572,
        0.5793,
        0.5928,
        0.5904,
        0.6042,
        0.6023,
        0.5844,
        0.6106,
        0.6133,
        0.6095,
        0.6156,
        0.6215,
        0.6309,
        0.6322,
        0.6177,
        0.6173,
        0.6176,
        0.6315,
        0.636,
        0.6338,
        0.6256,
        0.6366,
        0.6464,
        0.6347,
        0.637,
        0.648,
        0.6478,
        0.648,
        0.6521,
        0.6575,
        0.651,
        0.6474,
        0.6629,
        0.6633,
        0.6602,
        0.6519,
        0.6555,
        0.6582,
        0.667,
        0.6601,
        0.6646,
        0.6709,
        0.6606,
        0.6754,
        0.6652,
        0.6639,
        0.6727,
        0.6676,
        0.6647,
        0.6789,
        0.6765,
        0.6687,
        0.6789,
        0.6616,
        0.6626,
        0.6727,
        0.6785,
        0.6429,
        0.6495,
        0.6821,
        0.6782,
        0.6642,
        0.6722,
        0.681,
        0.676,
        0.6832,
        0.6777,
        0.6781,
        0.6711,
        0.6842,
        0.6718,
        0.6782,
        0.68,
        0.6771,
        0.6879,
        0.6793,
        0.6746,
        0.6798,
        0.6847,
        0.6828,
        0.6918,
        0.6798,
        0.6828,
        0.6831,
        0.6806,
        0.6647,
        0.6863,
        0.688,
        0.6826,
        0.6789
    ],
    "test_losses": [
        1.6311274684906005,
        1.5032213525772096,
        1.3912130380630494,
        1.3629639781951903,
        1.2882750629425048,
        1.2436527177810668,
        1.257950382041931,
        1.2870510288238526,
        1.2107123255729675,
        1.1473181953430176,
        1.1658558158874512,
        1.1750983224868774,
        1.1302541319847106,
        1.121796092224121,
        1.0914448360443114,
        1.087869093132019,
        1.1495503746032716,
        1.0740571641921997,
        1.0844081687927245,
        1.0617040176391601,
        1.0693325408935548,
        1.0373627707481383,
        1.029840544128418,
        1.0158191444396973,
        1.0700653997421266,
        1.0635568241119384,
        1.0627631282806396,
        1.043557217311859,
        1.018550280380249,
        1.022276251220703,
        1.0363176997184753,
        1.0164847863197326,
        0.97085684299469,
        1.0273221296310424,
        1.0191819182395936,
        0.9780094959259034,
        0.9718640111923218,
        0.990175743675232,
        0.9797995315551757,
        0.9506642464637757,
        0.9670810063362122,
        0.9755834747314454,
        0.9517815803527832,
        0.9530148968696595,
        0.9433577823638916,
        0.9932902774810791,
        0.9587198590278625,
        0.9633955737113953,
        0.9383598951339722,
        0.9357307590484619,
        0.9480314438819886,
        0.9136134010314941,
        0.9493023464202881,
        0.9084876961708069,
        0.9420719936370849,
        0.9342990724563599,
        0.9222638467788696,
        0.9385071997642517,
        0.9315647919654846,
        0.8978496299743652,
        0.9038222996711731,
        0.9288655245780945,
        0.904046317768097,
        0.9462279210090637,
        0.9454984118461609,
        0.9117768277168274,
        0.901476461982727,
        1.0182882232666015,
        0.999826615524292,
        0.8947980058670044,
        0.898407408618927,
        0.9517097862243652,
        0.9176044367790223,
        0.8901444305419922,
        0.9172256397247315,
        0.9139088973999023,
        0.9044976278305054,
        0.9165393255233765,
        0.9425106994628907,
        0.8897649917602539,
        0.9303089393615722,
        0.9108088418960572,
        0.9063999695777893,
        0.8993760047912598,
        0.8820131815910339,
        0.911766904258728,
        0.8929079106330872,
        0.902411865901947,
        0.8852321128845215,
        0.9054789404869079,
        0.871589702796936,
        0.9300399322509766,
        0.8897014628410339,
        0.9097231035232544,
        0.8933784678459168,
        0.9556666604042053,
        0.8811482625961303,
        0.8934621461868286,
        0.895585879611969,
        0.9194333771705627
    ],
    "train_losses": [
        1.8622005797958374,
        1.5627162314605714,
        1.4430780995941161,
        1.3724092346191406,
        1.312361319770813,
        1.2695033469390868,
        1.2400564093780517,
        1.2148183340454102,
        1.1905382319641113,
        1.1722951689910888,
        1.1495387394714356,
        1.1291848412322998,
        1.1135436138153076,
        1.092328279762268,
        1.0812819384002685,
        1.0701022689437867,
        1.0624177357482911,
        1.0447865626716615,
        1.0386054145812988,
        1.028870934791565,
        1.0188489492416382,
        1.01717938747406,
        0.992702681465149,
        1.0002073823928832,
        0.9822713882827758,
        0.9743410096359253,
        0.9739019711303711,
        0.9660732559204102,
        0.9638575954055786,
        0.9502334398651123,
        0.9492276503372192,
        0.9385757744216919,
        0.9413074824523926,
        0.9296897961616516,
        0.9173536561965943,
        0.911973443069458,
        0.9144181373786926,
        0.9092453285598755,
        0.9048135936355591,
        0.9024506642341614,
        0.8968112533187866,
        0.8943507596588135,
        0.8909483499145507,
        0.8899940919876098,
        0.881914458580017,
        0.8797912292480469,
        0.8743646720314026,
        0.866163462677002,
        0.8762862758636475,
        0.8604164926719665,
        0.8553468555831909,
        0.860467739868164,
        0.8535571775817871,
        0.8552344706344605,
        0.84700330991745,
        0.8369726714706421,
        0.8446876802444458,
        0.8401832333374023,
        0.838872883529663,
        0.837435192451477,
        0.827770371131897,
        0.8321439332580567,
        0.8310504871940613,
        0.8308630766487122,
        0.8212981736373901,
        0.8246323608016968,
        0.8144023069381714,
        0.8144410594177246,
        0.8152570120620728,
        0.8160098124313354,
        0.8068367424392701,
        0.7969925020027161,
        0.8067728058242798,
        0.7988754397201538,
        0.8020545003890991,
        0.7957234505081177,
        0.798695980091095,
        0.7966638394355774,
        0.7916758906364441,
        0.7941340691757203,
        0.7930197714614868,
        0.7936678836059571,
        0.7851802721595764,
        0.7840627445602417,
        0.7834109321784973,
        0.7864389297676087,
        0.7795402192497254,
        0.7803069278907776,
        0.7758346187973022,
        0.7788416955947876,
        0.7762885937309265,
        0.7748492658615113,
        0.7660502289772033,
        0.7757493372154236,
        0.7616727577209472,
        0.7746553334999084,
        0.7669301643753051,
        0.7636970411109925,
        0.7631330122947693,
        0.7599947631645203
    ]
}